{
    "dog": {
        "dino": 0.7158453390002251,
        "clip_i": 0.8672799050807953,
        "clip_t": 0.275163534283638
    }
}