{
  "backpack": {
    "dino": 0.5363875821232795,
    "clip_i": 0.8868855506181716,
    "clip_t": 0.27388890758156775
  }
}
