{
    "dog2": {
        "dino": 0.5422612611204386,
        "clip_i": 0.8277674496173859,
        "clip_t": 0.2469329796731472
    }
}